{"cameraMode":{"drawMode":0,"name":"Shaded","section":"Shading Mode"},"sceneLighting":true,"audioPlay":false,"sceneViewState":{"m_AlwaysRefresh":false,"showFog":true,"showSkybox":true,"showFlares":true,"showImageEffects":true,"showParticleSystems":true,"showVisualEffectGraphs":true,"m_FxEnabled":true},"in2DMode":false,"pivot":{"x":27.633220672607423,"y":2.0544328689575197,"z":10.820549011230469},"rotation":{"x":-0.049861352890729907,"y":-0.5890009999275208,"z":0.03644203394651413,"w":-0.8057841658592224},"size":3.288982391357422,"orthographic":true}